Workbook

Sheet RNA
A1: number | B1: tube_ID | C1: freezer_location | D1: BOX_number | E1: species | F1: mussel_ID | G1: tissue | H1: treatment | I1: sort_ID | J1: both_thread | K1: priority
A2: 121 | B2: G01-F | C2: 9-1-1 | D2: 1 | E2: =if(left(F2,1)="G","gallo","tross") -> gallo | F2: G01 | G2: foot | H2: gallo-control-0 | I2: gallo-control-0-foot | J2: =vlookup(F2,'mussel-ID_key'!A:C,3,false) -> 0
A3: 133 | B3: G01-G | C3: 9-1-1 | D3: 1 | E3: =if(left(F3,1)="G","gallo","tross") -> gallo | F3: G01 | G3: gill | H3: gallo-control-0 | I3: gallo-control-0-gill | J3: =vlookup(F3,'mussel-ID_key'!A:C,3,false) -> 0
A4: 122 | B4: G02-F | C4: 9-1-1 | D4: 1 | E4: =if(left(F4,1)="G","gallo","tross") -> gallo | F4: G02 | G4: foot | H4: gallo-control-0 | I4: gallo-control-0-foot | J4: =vlookup(F4,'mussel-ID_key'!A:C,3,false) -> 0
A5: 134 | B5: G02-G | C5: 9-1-1 | D5: 1 | E5: =if(left(F5,1)="G","gallo","tross") -> gallo | F5: G02 | G5: gill | H5: gallo-control-0 | I5: gallo-control-0-gill | J5: =vlookup(F5,'mussel-ID_key'!A:C,3,false) -> 0
A6: 123 | B6: G03-F | C6: 9-1-1 | D6: 1 | E6: gallo | F6: G03 | G6: foot | H6: gallo-control-0 | I6: gallo-control-0-foot | J6: =vlookup(F6,'mussel-ID_key'!A:C,3,false) -> 0
A7: 135 | B7: G03-G | C7: 9-1-1 | D7: 1 | E7: =if(left(F7,1)="G","gallo","tross") -> gallo | F7: G03 | G7: gill | H7: gallo-control-0 | I7: gallo-control-0-gill | J7: =vlookup(F7,'mussel-ID_key'!A:C,3,false) -> 0
A8: 124 | B8: G04-F | C8: 9-1-1 | D8: 1 | E8: =if(left(F8,1)="G","gallo","tross") -> gallo | F8: G04 | G8: foot | H8: gallo-control-0 | I8: gallo-control-0-foot | J8: =vlookup(F8,'mussel-ID_key'!A:C,3,false) -> 0
A9: 136 | B9: G04-G | C9: 9-1-1 | D9: 1 | E9: =if(left(F9,1)="G","gallo","tross") -> gallo | F9: G04 | G9: gill | H9: gallo-control-0 | I9: gallo-control-0-gill | J9: =vlookup(F9,'mussel-ID_key'!A:C,3,false) -> 0
A10: 125 | B10: G05-F | C10: 9-1-1 | D10: 1 | E10: =if(left(F10,1)="G","gallo","tross") -> gallo | F10: G05 | G10: foot | H10: gallo-control-0 | I10: gallo-control-0-foot | J10: =vlookup(F10,'mussel-ID_key'!A:C,3,false) -> 0
A11: 137 | B11: G05-G | C11: 9-1-1 | D11: 1 | E11: =if(left(F11,1)="G","gallo","tross") -> gallo | F11: G05 | G11: gill | H11: gallo-control-0 | I11: gallo-control-0-gill | J11: =vlookup(F11,'mussel-ID_key'!A:C,3,false) -> 0
A12: 126 | B12: G06-F | C12: 9-1-1 | D12: 1 | E12: =if(left(F12,1)="G","gallo","tross") -> gallo | F12: G06 | G12: foot | H12: gallo-control-0 | I12: gallo-control-0-foot | J12: =vlookup(F12,'mussel-ID_key'!A:C,3,false) -> 0
A13: 138 | B13: G06-G | C13: 9-1-1 | D13: 1 | E13: =if(left(F13,1)="G","gallo","tross") -> gallo | F13: G06 | G13: gill | H13: gallo-control-0 | I13: gallo-control-0-gill | J13: =vlookup(F13,'mussel-ID_key'!A:C,3,false) -> 0
A14: 127 | B14: G07-F | C14: 9-1-1 | D14: 1 | E14: =if(left(F14,1)="G","gallo","tross") -> gallo | F14: G07 | G14: foot | H14: gallo-control-0 | I14: gallo-control-0-foot | J14: =vlookup(F14,'mussel-ID_key'!A:C,3,false) -> 0
A15: 139 | B15: G07-G | C15: 9-1-1 | D15: 1 | E15: =if(left(F15,1)="G","gallo","tross") -> gallo | F15: G07 | G15: gill | H15: gallo-control-0 | I15: gallo-control-0-gill | J15: =vlookup(F15,'mussel-ID_key'!A:C,3,false) -> 0
A16: 128 | B16: G08-F | C16: 9-1-1 | D16: 1 | E16: =if(left(F16,1)="G","gallo","tross") -> gallo | F16: G08 | G16: foot | H16: gallo-control-0 | I16: gallo-control-0-foot | J16: =vlookup(F16,'mussel-ID_key'!A:C,3,false) -> 0
A17: 140 | B17: G08-G | C17: 9-1-1 | D17: 1 | E17: =if(left(F17,1)="G","gallo","tross") -> gallo | F17: G08 | G17: gill | H17: gallo-control-0 | I17: gallo-control-0-gill | J17: =vlookup(F17,'mussel-ID_key'!A:C,3,false) -> 0
A18: 129 | B18: G09-F | C18: 9-1-1 | D18: 1 | E18: =if(left(F18,1)="G","gallo","tross") -> gallo | F18: G09 | G18: foot | H18: gallo-control-0 | I18: gallo-control-0-foot | J18: =vlookup(F18,'mussel-ID_key'!A:C,3,false) -> 0
... A109: 168 | B109: G90-G | C109: 9-1-5 | D109: 5 | E109: =if(left(F109,1)="G","gallo","tross") -> gallo | F109: G90 | G109: gill | H109: gallo-control-3 | I109: gallo-control-3-gill | J109: =vlookup(F109,'mussel-ID_key'!A:C,3,false) -> 0
A110: 1 | B110: T01-F | C110: 9-1-1 | D110: 1 | E110: =if(left(F110,1)="G","gallo","tross") -> tross | F110: T01 | G110: foot | H110: tross-control-0 | I110: tross-control-0-foot | J110: =vlookup(F110,'mussel-ID_key'!A:C,3,false) -> 0 | K110: High
A111: 13 | B111: T01-G | C111: 9-1-1 | D111: 1 | E111: =if(left(F111,1)="G","gallo","tross") -> tross | F111: T01 | G111: gill | H111: tross-control-0 | I111: tross-control-0-gill | J111: =vlookup(F111,'mussel-ID_key'!A:C,3,false) -> 0 | K111: High
A112: 2 | B112: T02-F | C112: 9-1-1 | D112: 1 | E112: =if(left(F112,1)="G","gallo","tross") -> tross | F112: T02 | G112: foot | H112: tross-control-0 | I112: tross-control-0-foot | J112: =vlookup(F112,'mussel-ID_key'!A:C,3,false) -> 0 | K112: High
A113: 14 | B113: T02-G | C113: 9-1-1 | D113: 1 | E113: =if(left(F113,1)="G","gallo","tross") -> tross | F113: T02 | G113: gill | H113: tross-control-0 | I113: tross-control-0-gill | J113: =vlookup(F113,'mussel-ID_key'!A:C,3,false) -> 0 | K113: High
A114: 3 | B114: T03-F | C114: 9-1-1 | D114: 1 | E114: =if(left(F114,1)="G","gallo","tross") -> tross | F114: T03 | G114: foot | H114: tross-control-0 | I114: tross-control-0-foot | J114: =vlookup(F114,'mussel-ID_key'!A:C,3,false) -> 0 | K114: High
A115: 15 | B115: T03-G | C115: 9-1-1 | D115: 1 | E115: =if(left(F115,1)="G","gallo","tross") -> tross | F115: T03 | G115: gill | H115: tross-control-0 | I115: tross-control-0-gill | J115: =vlookup(F115,'mussel-ID_key'!A:C,3,false) -> 0 | K115: High
A116: 4 | B116: T04-F | C116: 9-1-1 | D116: 1 | E116: =if(left(F116,1)="G","gallo","tross") -> tross | F116: T04 | G116: foot | H116: tross-control-0 | I116: tross-control-0-foot | J116: =vlookup(F116,'mussel-ID_key'!A:C,3,false) -> 0 | K116: High
A117: 16 | B117: T04-G | C117: 9-1-1 | D117: 1 | E117: =if(left(F117,1)="G","gallo","tross") -> tross | F117: T04 | G117: gill | H117: tross-control-0 | I117: tross-control-0-gill | J117: =vlookup(F117,'mussel-ID_key'!A:C,3,false) -> 0 | K117: High
A118: 5 | B118: T05-F | C118: 9-1-1 | D118: 1 | E118: =if(left(F118,1)="G","gallo","tross") -> tross | F118: T05 | G118: foot | H118: tross-control-0 | I118: tross-control-0-foot | J118: =vlookup(F118,'mussel-ID_key'!A:C,3,false) -> 0 | K118: High
A119: 17 | B119: T05-G | C119: 9-1-1 | D119: 1 | E119: =if(left(F119,1)="G","gallo","tross") -> tross | F119: T05 | G119: gill | H119: tross-control-0 | I119: tross-control-0-gill | J119: =vlookup(F119,'mussel-ID_key'!A:C,3,false) -> 0 | K119: High
A120: 6 | B120: T06-F | C120: 9-1-1 | D120: 1 | E120: =if(left(F120,1)="G","gallo","tross") -> tross | F120: T06 | G120: foot | H120: tross-control-0 | I120: tross-control-0-foot | J120: =vlookup(F120,'mussel-ID_key'!A:C,3,false) -> 0 | K120: High
A121: 18 | B121: T06-G | C121: 9-1-1 | D121: 1 | E121: =if(left(F121,1)="G","gallo","tross") -> tross | F121: T06 | G121: gill | H121: tross-control-0 | I121: tross-control-0-gill | J121: =vlookup(F121,'mussel-ID_key'!A:C,3,false) -> 0 | K121: High
... A132: 49 | B132: T110-F | C132: 9-1-4 | D132: 4 | E132: =if(left(F132,1)="G","gallo","tross") -> tross | F132: T110 | G132: foot | H132: tross-DO-3 | I132: tross-DO-3-foot | J132: =vlookup(F132,'mussel-ID_key'!A:C,3,false) -> 0 | K132: High
A133: 61 | B133: T110-G | C133: 9-1-5 | D133: 5 | E133: tross | F133: T110 | G133: gill | H133: tross-DO-3 | I133: tross-DO-3-gill | J133: =vlookup(F133,'mussel-ID_key'!A:C,3,false) -> 0 | K133: High
A134: 50 | B134: T111-F | C134: 9-1-4 | D134: 4 | E134: =if(left(F134,1)="G","gallo","tross") -> tross | F134: T111 | G134: foot | H134: tross-DO-3 | I134: tross-DO-3-foot | J134: =vlookup(F134,'mussel-ID_key'!A:C,3,false) -> 0 | K134: High
A135: 62 | B135: T111-G | C135: 9-1-5 | D135: 5 | E135: tross | F135: T111 | G135: gill | H135: tross-DO-3 | I135: tross-DO-3-gill | J135: =vlookup(F135,'mussel-ID_key'!A:C,3,false) -> 0 | K135: High
A136: 51 | B136: T112-F | C136: 9-1-4 | D136: 4 | E136: =if(left(F136,1)="G","gallo","tross") -> tross | F136: T112 | G136: foot | H136: tross-DO-3 | I136: tross-DO-3-foot | J136: =vlookup(F136,'mussel-ID_key'!A:C,3,false) -> 0 | K136: High
A137: 63 | B137: T112-G | C137: 9-1-5 | D137: 5 | E137: tross | F137: T112 | G137: gill | H137: tross-DO-3 | I137: tross-DO-3-gill | J137: =vlookup(F137,'mussel-ID_key'!A:C,3,false) -> 0 | K137: High
A138: 73 | B138: T118-F | C138: 9-1-4 | D138: 4 | E138: =if(left(F138,1)="G","gallo","tross") -> tross | F138: T118 | G138: foot | H138: tross-OA-3 | I138: tross-OA-3-foot | J138: =vlookup(F138,'mussel-ID_key'!A:C,3,false) -> 0 | K138: High
A139: 85 | B139: T118-G | C139: 9-1-3 | D139: 3 | E139: =if(left(F139,1)="G","gallo","tross") -> tross | F139: T118 | G139: gill | H139: tross-OA-3 | I139: tross-OA-3-gill | J139: =vlookup(F139,'mussel-ID_key'!A:C,3,false) -> 0 | K139: High
A140: 74 | B140: T119-F | C140: 9-1-4 | D140: 4 | E140: =if(left(F140,1)="G","gallo","tross") -> tross | F140: T119 | G140: foot | H140: tross-OA-3 | I140: tross-OA-3-foot | J140: =vlookup(F140,'mussel-ID_key'!A:C,3,false) -> 0 | K140: High
A141: 86 | B141: T119-G | C141: 9-1-3 | D141: 3 | E141: =if(left(F141,1)="G","gallo","tross") -> tross | F141: T119 | G141: gill | H141: tross-OA-3 | I141: tross-OA-3-gill | J141: =vlookup(F141,'mussel-ID_key'!A:C,3,false) -> 0 | K141: High
A142: 12 | B142: T12-F | C142: 9-1-1 | D142: 1 | E142: =if(left(F142,1)="G","gallo","tross") -> tross | F142: T12 | G142: foot | H142: tross-control-0 | I142: tross-control-0-foot | J142: =vlookup(F142,'mussel-ID_key'!A:C,3,false) -> 0 | K142: High
A143: 24 | B143: T12-G | C143: 9-1-1 | D143: 1 | E143: =if(left(F143,1)="G","gallo","tross") -> tross | F143: T12 | G143: gill | H143: tross-control-0 | I143: tross-control-0-gill | J143: =vlookup(F143,'mussel-ID_key'!A:C,3,false) -> 0 | K143: High
A144: 25 | B144: T126-F | C144: 9-2-2 | D144: 7 | E144: =if(left(F144,1)="G","gallo","tross") -> tross | F144: T126 | G144: foot | H144: tross-control-3 | I144: tross-control-3-foot | J144: =vlookup(F144,'mussel-ID_key'!A:C,3,false) -> 0 | K144: High
A145: 37 | B145: T126-G | C145: 9-1-5 | D145: 5 | E145: =if(left(F145,1)="G","gallo","tross") -> tross | F145: T126 | G145: gill | H145: tross-control-3 | I145: tross-control-3-gill | J145: =vlookup(F145,'mussel-ID_key'!A:C,3,false) -> 0 | K145: High
A146: 26 | B146: T127-F | C146: 9-2-2 | D146: 7 | E146: =if(left(F146,1)="G","gallo","tross") -> tross | F146: T127 | G146: foot | H146: tross-control-3 | I146: tross-control-3-foot | J146: =vlookup(F146,'mussel-ID_key'!A:C,3,false) -> 0 | K146: High
A147: 38 | B147: T127-G | C147: 9-1-5 | D147: 5 | E147: =if(left(F147,1)="G","gallo","tross") -> tross | F147: T127 | G147: gill | H147: tross-control-3 | I147: tross-control-3-gill | J147: =vlookup(F147,'mussel-ID_key'!A:C,3,false) -> 0 | K147: High
A148: 27 | B148: T128-F | C148: 9-2-2 | D148: 7 | E148: =if(left(F148,1)="G","gallo","tross") -> tross | F148: T128 | G148: foot | H148: tross-control-3 | I148: tross-control-3-foot | J148: =vlookup(F148,'mussel-ID_key'!A:C,3,false) -> 0 | K148: High
A149: 39 | B149: T128-G | C149: 9-1-5 | D149: 5 | E149: =if(left(F149,1)="G","gallo","tross") -> tross | F149: T128 | G149: gill | H149: tross-control-3 | I149: tross-control-3-gill | J149: =vlookup(F149,'mussel-ID_key'!A:C,3,false) -> 0 | K149: High
... A167: 48 | B167: T137-G | C167: 9-1-5 | D167: 5 | E167: =if(left(F167,1)="G","gallo","tross") -> tross | F167: T137 | G167: gill | H167: tross-control-3 | I167: tross-control-3-gill | J167: =vlookup(F167,'mussel-ID_key'!A:C,3,false) -> 0 | K167: High
A168: 229 | B168: T138-F | C168: 9-2-3 | D168: 8 | E168: =if(left(F168,1)="G","gallo","tross") -> tross | F168: T138 | G168: foot | H168: tross-desiccation-24h | I168: tross-desiccation-24h-foot | J168: =vlookup(F168,'mussel-ID_key'!A:C,3,false) -> 0
A169: 241 | B169: T138-G | C169: 9-2-3 | D169: 8 | E169: =if(left(F169,1)="G","gallo","tross") -> tross | F169: T138 | G169: gill | H169: tross-desiccation-24h | I169: tross-desiccation-24h-gill | J169: =vlookup(F169,'mussel-ID_key'!A:C,3,false) -> 0
A170: 230 | B170: T139-F | C170: 9-2-3 | D170: 8 | E170: =if(left(F170,1)="G","gallo","tross") -> tross | F170: T139 | G170: foot | H170: tross-desiccation-24h | I170: tross-desiccation-24h-foot | J170: =vlookup(F170,'mussel-ID_key'!A:C,3,false) -> 0
A171: 242 | B171: T139-G | C171: 9-2-3 | D171: 8 | E171: =if(left(F171,1)="G","gallo","tross") -> tross | F171: T139 | G171: gill | H171: tross-desiccation-24h | I171: tross-desiccation-24h-gill | J171: =vlookup(F171,'mussel-ID_key'!A:C,3,false) -> 0
A172: 75 | B172: T14-F | C172: 9-1-4 | D172: 4 | E172: =if(left(F172,1)="G","gallo","tross") -> tross | F172: T14 | G172: foot | H172: tross-OA-3 | I172: tross-OA-3-foot | J172: =vlookup(F172,'mussel-ID_key'!A:C,3,false) -> 1 | K172: High
A173: 87 | B173: T14-G | C173: 9-1-3 | D173: 3 | E173: =if(left(F173,1)="G","gallo","tross") -> tross | F173: T14 | G173: gill | H173: tross-OA-3 | I173: tross-OA-3-gill | J173: =vlookup(F173,'mussel-ID_key'!A:C,3,false) -> 1 | K173: High
A174: 231 | B174: T140-F | C174: 9-2-3 | D174: 8 | E174: =if(left(F174,1)="G","gallo","tross") -> tross | F174: T140 | G174: foot | H174: tross-desiccation-24h | I174: tross-desiccation-24h-foot | J174: =vlookup(F174,'mussel-ID_key'!A:C,3,false) -> 0
A175: 243 | B175: T140-G | C175: 9-2-3 | D175: 8 | E175: =if(left(F175,1)="G","gallo","tross") -> tross | F175: T140 | G175: gill | H175: tross-desiccation-24h | I175: tross-desiccation-24h-gill | J175: =vlookup(F175,'mussel-ID_key'!A:C,3,false) -> 0
A176: 232 | B176: T141-F | C176: 9-2-3 | D176: 8 | E176: =if(left(F176,1)="G","gallo","tross") -> tross | F176: T141 | G176: foot | H176: tross-desiccation-24h | I176: tross-desiccation-24h-foot | J176: =vlookup(F176,'mussel-ID_key'!A:C,3,false) -> 0
A177: 244 | B177: T141-G | C177: 9-2-3 | D177: 8 | E177: =if(left(F177,1)="G","gallo","tross") -> tross | F177: T141 | G177: gill | H177: tross-desiccation-24h | I177: tross-desiccation-24h-gill | J177: =vlookup(F177,'mussel-ID_key'!A:C,3,false) -> 0
A178: 233 | B178: T142-F | C178: 9-2-3 | D178: 8 | E178: =if(left(F178,1)="G","gallo","tross") -> tross | F178: T142 | G178: foot | H178: tross-desiccation-24h | I178: tross-desiccation-24h-foot | J178: =vlookup(F178,'mussel-ID_key'!A:C,3,false) -> 0
A179: 245 | B179: T142-G | C179: 9-2-3 | D179: 8 | E179: =if(left(F179,1)="G","gallo","tross") -> tross | F179: T142 | G179: gill | H179: tross-desiccation-24h | I179: tross-desiccation-24h-gill | J179: =vlookup(F179,'mussel-ID_key'!A:C,3,false) -> 0
A180: 234 | B180: T143-F | C180: 9-2-3 | D180: 8 | E180: =if(left(F180,1)="G","gallo","tross") -> tross | F180: T143 | G180: foot | H180: tross-desiccation-24h | I180: tross-desiccation-24h-foot | J180: =vlookup(F180,'mussel-ID_key'!A:C,3,false) -> 0
A181: 246 | B181: T143-G | C181: 9-2-3 | D181: 8 | E181: =if(left(F181,1)="G","gallo","tross") -> tross | F181: T143 | G181: gill | H181: tross-desiccation-24h | I181: tross-desiccation-24h-gill | J181: =vlookup(F181,'mussel-ID_key'!A:C,3,false) -> 0
A182: 235 | B182: T144-F | C182: 9-2-3 | D182: 8 | E182: =if(left(F182,1)="G","gallo","tross") -> tross | F182: T144 | G182: foot | H182: tross-desiccation-24h | I182: tross-desiccation-24h-foot | J182: =vlookup(F182,'mussel-ID_key'!A:C,3,false) -> 0
A183: 247 | B183: T144-G | C183: 9-2-3 | D183: 8 | E183: =if(left(F183,1)="G","gallo","tross") -> tross | F183: T144 | G183: gill | H183: tross-desiccation-24h | I183: tross-desiccation-24h-gill | J183: =vlookup(F183,'mussel-ID_key'!A:C,3,false) -> 0
A184: 236 | B184: T145-F | C184: 9-2-3 | D184: 8 | E184: =if(left(F184,1)="G","gallo","tross") -> tross | F184: T145 | G184: foot | H184: tross-desiccation-24h | I184: tross-desiccation-24h-foot | J184: =vlookup(F184,'mussel-ID_key'!A:C,3,false) -> 0
A185: 248 | B185: T145-G | C185: 9-2-3 | D185: 8 | E185: =if(left(F185,1)="G","gallo","tross") -> tross | F185: T145 | G185: gill | H185: tross-desiccation-24h | I185: tross-desiccation-24h-gill | J185: =vlookup(F185,'mussel-ID_key'!A:C,3,false) -> 0
... A193: 252 | B193: T149-G | C193: 9-2-3 | D193: 8 | E193: =if(left(F193,1)="G","gallo","tross") -> tross | F193: T149 | G193: gill | H193: tross-desiccation-24h | I193: tross-desiccation-24h-gill | J193: =vlookup(F193,'mussel-ID_key'!A:C,3,false) -> 0
A194: 76 | B194: T15-F | C194: 9-1-4 | D194: 4 | E194: =if(left(F194,1)="G","gallo","tross") -> tross | F194: T15 | G194: foot | H194: tross-OA-3 | I194: tross-OA-3-foot | J194: =vlookup(F194,'mussel-ID_key'!A:C,3,false) -> 1 | K194: High
A195: 88 | B195: T15-G | C195: 9-1-3 | D195: 3 | E195: =if(left(F195,1)="G","gallo","tross") -> tross | F195: T15 | G195: gill | H195: tross-OA-3 | I195: tross-OA-3-gill | J195: =vlookup(F195,'mussel-ID_key'!A:C,3,false) -> 1 | K195: High
A196: 77 | B196: T16-F | C196: 9-1-4 | D196: 4 | E196: =if(left(F196,1)="G","gallo","tross") -> tross | F196: T16 | G196: foot | H196: tross-OA-3 | I196: tross-OA-3-foot | J196: =vlookup(F196,'mussel-ID_key'!A:C,3,false) -> 1 | K196: High
A197: 89 | B197: T16-G | C197: 9-1-3 | D197: 3 | E197: =if(left(F197,1)="G","gallo","tross") -> tross | F197: T16 | G197: gill | H197: tross-OA-3 | I197: tross-OA-3-gill | J197: =vlookup(F197,'mussel-ID_key'!A:C,3,false) -> 1 | K197: High
A198: 78 | B198: T17-F | C198: 9-1-4 | D198: 4 | E198: =if(left(F198,1)="G","gallo","tross") -> tross | F198: T17 | G198: foot | H198: tross-OA-3 | I198: tross-OA-3-foot | J198: =vlookup(F198,'mussel-ID_key'!A:C,3,false) -> 1 | K198: High
A199: 90 | B199: T17-G | C199: 9-1-3 | D199: 3 | E199: =if(left(F199,1)="G","gallo","tross") -> tross | F199: T17 | G199: gill | H199: tross-OA-3 | I199: tross-OA-3-gill | J199: =vlookup(F199,'mussel-ID_key'!A:C,3,false) -> 1 | K199: High
A200: 79 | B200: T19-F | C200: 9-1-4 | D200: 4 | E200: =if(left(F200,1)="G","gallo","tross") -> tross | F200: T19 | G200: foot | H200: tross-OA-3 | I200: tross-OA-3-foot | J200: =vlookup(F200,'mussel-ID_key'!A:C,3,false) -> 1 | K200: High
A201: 91 | B201: T19-G | C201: 9-1-3 | D201: 3 | E201: =if(left(F201,1)="G","gallo","tross") -> tross | F201: T19 | G201: gill | H201: tross-OA-3 | I201: tross-OA-3-gill | J201: =vlookup(F201,'mussel-ID_key'!A:C,3,false) -> 1 | K201: High
A202: 80 | B202: T21-F | C202: 9-1-4 | D202: 4 | E202: =if(left(F202,1)="G","gallo","tross") -> tross | F202: T21 | G202: foot | H202: tross-OA-3 | I202: tross-OA-3-foot | J202: =vlookup(F202,'mussel-ID_key'!A:C,3,false) -> 1 | K202: High
A203: 92 | B203: T21-G | C203: 9-1-3 | D203: 3 | E203: =if(left(F203,1)="G","gallo","tross") -> tross | F203: T21 | G203: gill | H203: tross-OA-3 | I203: tross-OA-3-gill | J203: =vlookup(F203,'mussel-ID_key'!A:C,3,false) -> 1 | K203: High
A204: 81 | B204: T23-F | C204: 9-1-4 | D204: 4 | E204: =if(left(F204,1)="G","gallo","tross") -> tross | F204: T23 | G204: foot | H204: tross-OA-3 | I204: tross-OA-3-foot | J204: =vlookup(F204,'mussel-ID_key'!A:C,3,false) -> 1 | K204: High
A205: 93 | B205: T23-G | C205: 9-1-3 | D205: 3 | E205: =if(left(F205,1)="G","gallo","tross") -> tross | F205: T23 | G205: gill | H205: tross-OA-3 | I205: tross-OA-3-gill | J205: =vlookup(F205,'mussel-ID_key'!A:C,3,false) -> 1 | K205: High
... A236: 52 | B236: T46-F | C236: 9-2-2 | D236: 7 | E236: =if(left(F236,1)="G","gallo","tross") -> tross | F236: T46 | G236: foot | H236: tross-DO-3 | I236: tross-DO-3-foot | J236: =vlookup(F236,'mussel-ID_key'!A:C,3,false) -> 1 | K236: High
A237: 64 | B237: T46-G | C237: 9-1-5 | D237: 5 | E237: tross | F237: T46 | G237: gill | H237: tross-DO-3 | I237: tross-DO-3-gill | J237: =vlookup(F237,'mussel-ID_key'!A:C,3,false) -> 1 | K237: High
A238: 53 | B238: T47-F | C238: 9-1-4 | D238: 4 | E238: =if(left(F238,1)="G","gallo","tross") -> tross | F238: T47 | G238: foot | H238: tross-DO-3 | I238: tross-DO-3-foot | J238: =vlookup(F238,'mussel-ID_key'!A:C,3,false) -> 1 | K238: High
A239: 65 | B239: T47-G | C239: 9-1-3 | D239: 3 | E239: tross | F239: T47 | G239: gill | H239: tross-DO-3 | I239: tross-DO-3-gill | J239: =vlookup(F239,'mussel-ID_key'!A:C,3,false) -> 1 | K239: High
A240: 54 | B240: T49-F | C240: 9-2-2 | D240: 7 | E240: =if(left(F240,1)="G","gallo","tross") -> tross | F240: T49 | G240: foot | H240: tross-DO-3 | I240: tross-DO-3-foot | J240: =vlookup(F240,'mussel-ID_key'!A:C,3,false) -> 1 | K240: High
A241: 66 | B241: T49-G | C241: 9-1-5 | D241: 5 | E241: tross | F241: T49 | G241: gill | H241: tross-DO-3 | I241: tross-DO-3-gill | J241: =vlookup(F241,'mussel-ID_key'!A:C,3,false) -> 1 | K241: High
A242: 55 | B242: T51-F | C242: 9-2-2 | D242: 7 | E242: =if(left(F242,1)="G","gallo","tross") -> tross | F242: T51 | G242: foot | H242: tross-DO-3 | I242: tross-DO-3-foot | J242: =vlookup(F242,'mussel-ID_key'!A:C,3,false) -> 1 | K242: High
A243: 67 | B243: T51-G | C243: 9-1-5 | D243: 5 | E243: tross | F243: T51 | G243: gill | H243: tross-DO-3 | I243: tross-DO-3-gill | J243: =vlookup(F243,'mussel-ID_key'!A:C,3,false) -> 1 | K243: High
A244: 56 | B244: T52-F | C244: 9-2-2 | D244: 7 | E244: =if(left(F244,1)="G","gallo","tross") -> tross | F244: T52 | G244: foot | H244: tross-DO-3 | I244: tross-DO-3-foot | J244: =vlookup(F244,'mussel-ID_key'!A:C,3,false) -> 1 | K244: High
A245: 68 | B245: T52-G | C245: 9-1-5 | D245: 5 | E245: tross | F245: T52 | G245: gill | H245: tross-DO-3 | I245: tross-DO-3-gill | J245: =vlookup(F245,'mussel-ID_key'!A:C,3,false) -> 1 | K245: High
A246: 57 | B246: T55-F | C246: 9-2-2 | D246: 7 | E246: =if(left(F246,1)="G","gallo","tross") -> tross | F246: T55 | G246: foot | H246: tross-DO-3 | I246: tross-DO-3-foot | J246: =vlookup(F246,'mussel-ID_key'!A:C,3,false) -> 1 | K246: High
A247: 69 | B247: T55-G | C247: 9-1-5 | D247: 5 | E247: tross | F247: T55 | G247: gill | H247: tross-DO-3 | I247: tross-DO-3-gill | J247: =vlookup(F247,'mussel-ID_key'!A:C,3,false) -> 1 | K247: High
A248: 58 | B248: T56-F | C248: 9-1-4 | D248: 4 | E248: =if(left(F248,1)="G","gallo","tross") -> tross | F248: T56 | G248: foot | H248: tross-DO-3 | I248: tross-DO-3-foot | J248: =vlookup(F248,'mussel-ID_key'!A:C,3,false) -> 1 | K248: High
A249: 70 | B249: T56-G | C249: 9-1-3 | D249: 3 | E249: tross | F249: T56 | G249: gill | H249: tross-DO-3 | I249: tross-DO-3-gill | J249: =vlookup(F249,'mussel-ID_key'!A:C,3,false) -> 1 | K249: High
A250: 59 | B250: T57-F | C250: 9-1-4 | D250: 4 | E250: =if(left(F250,1)="G","gallo","tross") -> tross | F250: T57 | G250: foot | H250: tross-DO-3 | I250: tross-DO-3-foot | J250: =vlookup(F250,'mussel-ID_key'!A:C,3,false) -> 1 | K250: High
A251: 71 | B251: T57-G | C251: 9-1-3 | D251: 3 | E251: tross | F251: T57 | G251: gill | H251: tross-DO-3 | I251: tross-DO-3-gill | J251: =vlookup(F251,'mussel-ID_key'!A:C,3,false) -> 1 | K251: High
A252: 60 | B252: T58-F | C252: 9-2-2 | D252: 7 | E252: =if(left(F252,1)="G","gallo","tross") -> tross | F252: T58 | G252: foot | H252: tross-DO-3 | I252: tross-DO-3-foot | J252: =vlookup(F252,'mussel-ID_key'!A:C,3,false) -> 1 | K252: High
A253: 72 | B253: T58-G | C253: 9-1-5 | D253: 5 | E253: tross | F253: T58 | G253: gill | H253: tross-DO-3 | I253: tross-DO-3-gill | J253: =vlookup(F253,'mussel-ID_key'!A:C,3,false) -> 1 | K253: High

Sheet all-samples
A1: freezer_location | B1: BOX_number | C1: species | D1: mussel_ID | E1: tube_ID | F1: tissue | G1: treatment | H1: combo | I1: both_thread | J1: freezer_location | L1: treatment_summary | M1: count
A2: 9-1-1 | B2: 1 | C2: =if(left(D2,1)="G","gallo","tross") -> gallo | D2: G01 | E2: G01-F | F2: foot | G2: =vlookup(D2,'mussel-ID_key'!A:B,2,false) -> gallo-control-0 | H2: =G2&"-"&F2 -> gallo-control-0-foot | I2: =vlookup(D2,'mussel-ID_key'!A:C,3,false) -> 0 | J2: 9-1-1 | L2: gallo-control-0-foot | M2: =countif(H:H,L2) -> 10
A3: 9-1-1 | B3: 1 | C3: =if(left(D3,1)="G","gallo","tross") -> gallo | D3: G02 | E3: G02-F | F3: foot | G3: =vlookup(D3,'mussel-ID_key'!A:B,2,false) -> gallo-control-0 | H3: =G3&"-"&F3 -> gallo-control-0-foot | I3: =vlookup(D3,'mussel-ID_key'!A:C,3,false) -> 0 | J3: 9-1-1 | L3: gallo-control-3-foot | M3: =countif(H:H,L3) -> 12
A4: 9-1-1 | B4: 1 | C4: =if(left(D4,1)="G","gallo","tross") -> gallo | D4: G04 | E4: G04-F | F4: foot | G4: =vlookup(D4,'mussel-ID_key'!A:B,2,false) -> gallo-control-0 | H4: =G4&"-"&F4 -> gallo-control-0-foot | I4: =vlookup(D4,'mussel-ID_key'!A:C,3,false) -> 0 | J4: 9-1-1 | L4: gallo-DO-3-foot | M4: =countif(H:H,L4) -> 13
A5: 9-1-1 | B5: 1 | C5: =if(left(D5,1)="G","gallo","tross") -> gallo | D5: G05 | E5: G05-F | F5: foot | G5: =vlookup(D5,'mussel-ID_key'!A:B,2,false) -> gallo-control-0 | H5: =G5&"-"&F5 -> gallo-control-0-foot | I5: =vlookup(D5,'mussel-ID_key'!A:C,3,false) -> 0 | J5: 9-1-1 | L5: gallo-OA-3-foot | M5: =countif(H:H,L5) -> 9
A6: 9-1-1 | B6: 1 | C6: =if(left(D6,1)="G","gallo","tross") -> gallo | D6: G06 | E6: G06-F | F6: foot | G6: =vlookup(D6,'mussel-ID_key'!A:B,2,false) -> gallo-control-0 | H6: =G6&"-"&F6 -> gallo-control-0-foot | I6: =vlookup(D6,'mussel-ID_key'!A:C,3,false) -> 0 | J6: 9-1-1 | L6: gallo-OW-3-foot | M6: =countif(H:H,L6) -> 9
A7: 9-1-1 | B7: 1 | C7: =if(left(D7,1)="G","gallo","tross") -> gallo | D7: G07 | E7: G07-F | F7: foot | G7: =vlookup(D7,'mussel-ID_key'!A:B,2,false) -> gallo-control-0 | H7: =G7&"-"&F7 -> gallo-control-0-foot | I7: =vlookup(D7,'mussel-ID_key'!A:C,3,false) -> 0 | J7: 9-1-1
A8: 9-1-1 | B8: 1 | C8: =if(left(D8,1)="G","gallo","tross") -> gallo | D8: G09 | E8: G09-F | F8: foot | G8: =vlookup(D8,'mussel-ID_key'!A:B,2,false) -> gallo-control-0 | H8: =G8&"-"&F8 -> gallo-control-0-foot | I8: =vlookup(D8,'mussel-ID_key'!A:C,3,false) -> 0 | J8: 9-1-1 | L8: tross-control-0-foot | M8: =countif(H:H,L8) -> 16
A9: 9-1-1 | B9: 1 | C9: =if(left(D9,1)="G","gallo","tross") -> gallo | D9: G10 | E9: G10-F | F9: foot | G9: =vlookup(D9,'mussel-ID_key'!A:B,2,false) -> gallo-control-0 | H9: =G9&"-"&F9 -> gallo-control-0-foot | I9: =vlookup(D9,'mussel-ID_key'!A:C,3,false) -> 0 | J9: 9-1-1 | L9: tross-control-3-mantle | M9: =countif(H:H,L9) -> 12
A10: 9-1-1 | B10: 1 | C10: =if(left(D10,1)="G","gallo","tross") -> gallo | D10: G11 | E10: G11-F | F10: foot | G10: =vlookup(D10,'mussel-ID_key'!A:B,2,false) -> gallo-control-0 | H10: =G10&"-"&F10 -> gallo-control-0-foot | I10: =vlookup(D10,'mussel-ID_key'!A:C,3,false) -> 0 | J10: 9-1-1 | L10: tross-DO-3-foot | M10: =countif(H:H,L10) -> 18
A11: 9-1-1 | B11: 1 | C11: =if(left(D11,1)="G","gallo","tross") -> gallo | D11: G12 | E11: G12-F | F11: foot | G11: =vlookup(D11,'mussel-ID_key'!A:B,2,false) -> gallo-control-0 | H11: =G11&"-"&F11 -> gallo-control-0-foot | I11: =vlookup(D11,'mussel-ID_key'!A:C,3,false) -> 0 | J11: 9-1-1 | L11: tross-OA-3-foot | M11: =countif(H:H,L11) -> 13
A12: 9-1-1 | B12: 1 | C12: =if(left(D12,1)="G","gallo","tross") -> gallo | D12: G01 | E12: G01-G | F12: gill | G12: =vlookup(D12,'mussel-ID_key'!A:B,2,false) -> gallo-control-0 | H12: =G12&"-"&F12 -> gallo-control-0-gill | I12: =vlookup(D12,'mussel-ID_key'!A:C,3,false) -> 0 | J12: 9-1-1 | L12: tross-OW-3-foot | M12: =countif(H:H,L12) -> 18
A13: 9-1-1 | B13: 1 | C13: =if(left(D13,1)="G","gallo","tross") -> gallo | D13: G02 | E13: G02-G | F13: gill | G13: =vlookup(D13,'mussel-ID_key'!A:B,2,false) -> gallo-control-0 | H13: =G13&"-"&F13 -> gallo-control-0-gill | I13: =vlookup(D13,'mussel-ID_key'!A:C,3,false) -> 0 | J13: 9-1-1
A14: 9-1-1 | B14: 1 | C14: =if(left(D14,1)="G","gallo","tross") -> gallo | D14: G03 | E14: G03-G | F14: gill | G14: =vlookup(D14,'mussel-ID_key'!A:B,2,false) -> gallo-control-0 | H14: =G14&"-"&F14 -> gallo-control-0-gill | I14: =vlookup(D14,'mussel-ID_key'!A:C,3,false) -> 0 | J14: 9-1-1 | L14: tross-desiccation-24h-foot | M14: =countif(H:H,L14) -> 12
A15: 9-1-1 | B15: 1 | C15: =if(left(D15,1)="G","gallo","tross") -> gallo | D15: G04 | E15: G04-G | F15: gill | G15: =vlookup(D15,'mussel-ID_key'!A:B,2,false) -> gallo-control-0 | H15: =G15&"-"&F15 -> gallo-control-0-gill | I15: =vlookup(D15,'mussel-ID_key'!A:C,3,false) -> 0 | J15: 9-1-1
A16: 9-1-1 | B16: 1 | C16: =if(left(D16,1)="G","gallo","tross") -> gallo | D16: G05 | E16: G05-G | F16: gill | G16: =vlookup(D16,'mussel-ID_key'!A:B,2,false) -> gallo-control-0 | H16: =G16&"-"&F16 -> gallo-control-0-gill | I16: =vlookup(D16,'mussel-ID_key'!A:C,3,false) -> 0 | J16: 9-1-1
A17: 9-1-1 | B17: 1 | C17: =if(left(D17,1)="G","gallo","tross") -> gallo | D17: G06 | E17: G06-G | F17: gill | G17: =vlookup(D17,'mussel-ID_key'!A:B,2,false) -> gallo-control-0 | H17: =G17&"-"&F17 -> gallo-control-0-gill | I17: =vlookup(D17,'mussel-ID_key'!A:C,3,false) -> 0 | J17: 9-1-1
A18: 9-1-1 | B18: 1 | C18: =if(left(D18,1)="G","gallo","tross") -> gallo | D18: G07 | E18: G07-G | F18: gill | G18: =vlookup(D18,'mussel-ID_key'!A:B,2,false) -> gallo-control-0 | H18: =G18&"-"&F18 -> gallo-control-0-gill | I18: =vlookup(D18,'mussel-ID_key'!A:C,3,false) -> 0 | J18: 9-1-1
A19: 9-1-1 | B19: 1 | C19: =if(left(D19,1)="G","gallo","tross") -> gallo | D19: G08 | E19: G08-G | F19: gill | G19: =vlookup(D19,'mussel-ID_key'!A:B,2,false) -> gallo-control-0 | H19: =G19&"-"&F19 -> gallo-control-0-gill | I19: =vlookup(D19,'mussel-ID_key'!A:C,3,false) -> 0 | J19: 9-1-1
A20: 9-1-1 | B20: 1 | C20: =if(left(D20,1)="G","gallo","tross") -> gallo | D20: G09 | E20: G09-G | F20: gill | G20: =vlookup(D20,'mussel-ID_key'!A:B,2,false) -> gallo-control-0 | H20: =G20&"-"&F20 -> gallo-control-0-gill | I20: =vlookup(D20,'mussel-ID_key'!A:C,3,false) -> 0 | J20: 9-1-1
A21: 9-1-1 | B21: 1 | C21: =if(left(D21,1)="G","gallo","tross") -> gallo | D21: G10 | E21: G10-G | F21: gill | G21: =vlookup(D21,'mussel-ID_key'!A:B,2,false) -> gallo-control-0 | H21: =G21&"-"&F21 -> gallo-control-0-gill | I21: =vlookup(D21,'mussel-ID_key'!A:C,3,false) -> 0 | J21: 9-1-1
A22: 9-1-1 | B22: 1 | C22: =if(left(D22,1)="G","gallo","tross") -> gallo | D22: G11 | E22: G11-G | F22: gill | G22: =vlookup(D22,'mussel-ID_key'!A:B,2,false) -> gallo-control-0 | H22: =G22&"-"&F22 -> gallo-control-0-gill | I22: =vlookup(D22,'mussel-ID_key'!A:C,3,false) -> 0 | J22: 9-1-1
A23: 9-1-1 | B23: 1 | C23: =if(left(D23,1)="G","gallo","tross") -> gallo | D23: G12 | E23: G12-G | F23: gill | G23: =vlookup(D23,'mussel-ID_key'!A:B,2,false) -> gallo-control-0 | H23: =G23&"-"&F23 -> gallo-control-0-gill | I23: =vlookup(D23,'mussel-ID_key'!A:C,3,false) -> 0 | J23: 9-1-1
A24: 9-1-1 | B24: 1 | C24: =if(left(D24,1)="G","gallo","tross") -> gallo | D24: G01 | E24: G01-M | F24: mantle | G24: =vlookup(D24,'mussel-ID_key'!A:B,2,false) -> gallo-control-0 | H24: =G24&"-"&F24 -> gallo-control-0-mantle | I24: =vlookup(D24,'mussel-ID_key'!A:C,3,false) -> 0 | J24: 9-1-1
A25: 9-1-1 | B25: 1 | C25: =if(left(D25,1)="G","gallo","tross") -> gallo | D25: G02 | E25: G02-M | F25: mantle | G25: =vlookup(D25,'mussel-ID_key'!A:B,2,false) -> gallo-control-0 | H25: =G25&"-"&F25 -> gallo-control-0-mantle | I25: =vlookup(D25,'mussel-ID_key'!A:C,3,false) -> 0 | J25: 9-1-1
A26: 9-1-1 | B26: 1 | C26: =if(left(D26,1)="G","gallo","tross") -> gallo | D26: G03 | E26: G03-M | F26: mantle | G26: =vlookup(D26,'mussel-ID_key'!A:B,2,false) -> gallo-control-0 | H26: =G26&"-"&F26 -> gallo-control-0-mantle | I26: =vlookup(D26,'mussel-ID_key'!A:C,3,false) -> 0 | J26: 9-1-1
... A35: 9-1-1 | B35: 1 | C35: =if(left(D35,1)="G","gallo","tross") -> gallo | D35: G12 | E35: G12-M | F35: mantle | G35: =vlookup(D35,'mussel-ID_key'!A:B,2,false) -> gallo-control-0 | H35: =G35&"-"&F35 -> gallo-control-0-mantle | I35: =vlookup(D35,'mussel-ID_key'!A:C,3,false) -> 0 | J35: 9-1-1
A36: 9-2-2 | B36: 7 | C36: =if(left(D36,1)="G","gallo","tross") -> gallo | D36: =left(E36,3) -> G79 | E36: G79-F | F36: foot | G36: =vlookup(D36,'mussel-ID_key'!A:B,2,false) -> gallo-control-3 | H36: =G36&"-"&F36 -> gallo-control-3-foot | I36: =vlookup(D36,'mussel-ID_key'!A:C,3,false) -> 0 | J36: 9-2-2
A37: 9-2-2 | B37: 7 | C37: =if(left(D37,1)="G","gallo","tross") -> gallo | D37: =left(E37,3) -> G80 | E37: G80-F | F37: foot | G37: =vlookup(D37,'mussel-ID_key'!A:B,2,false) -> gallo-control-3 | H37: =G37&"-"&F37 -> gallo-control-3-foot | I37: =vlookup(D37,'mussel-ID_key'!A:C,3,false) -> 0 | J37: 9-2-2
A38: 9-2-2 | B38: 7 | C38: =if(left(D38,1)="G","gallo","tross") -> gallo | D38: =left(E38,3) -> G81 | E38: G81-F | F38: foot | G38: =vlookup(D38,'mussel-ID_key'!A:B,2,false) -> gallo-control-3 | H38: =G38&"-"&F38 -> gallo-control-3-foot | I38: =vlookup(D38,'mussel-ID_key'!A:C,3,false) -> 0 | J38: 9-2-2
A39: 9-2-2 | B39: 7 | C39: =if(left(D39,1)="G","gallo","tross") -> gallo | D39: =left(E39,3) -> G82 | E39: G82-F | F39: foot | G39: =vlookup(D39,'mussel-ID_key'!A:B,2,false) -> gallo-control-3 | H39: =G39&"-"&F39 -> gallo-control-3-foot | I39: =vlookup(D39,'mussel-ID_key'!A:C,3,false) -> 0 | J39: 9-2-2
A40: 9-2-2 | B40: 7 | C40: =if(left(D40,1)="G","gallo","tross") -> gallo | D40: =left(E40,3) -> G83 | E40: G83-F | F40: foot | G40: =vlookup(D40,'mussel-ID_key'!A:B,2,false) -> gallo-control-3 | H40: =G40&"-"&F40 -> gallo-control-3-foot | I40: =vlookup(D40,'mussel-ID_key'!A:C,3,false) -> 0 | J40: 9-2-2
A41: 9-2-2 | B41: 7 | C41: =if(left(D41,1)="G","gallo","tross") -> gallo | D41: =left(E41,3) -> G84 | E41: G84-F | F41: foot | G41: =vlookup(D41,'mussel-ID_key'!A:B,2,false) -> gallo-control-3 | H41: =G41&"-"&F41 -> gallo-control-3-foot | I41: =vlookup(D41,'mussel-ID_key'!A:C,3,false) -> 0 | J41: 9-2-2
A42: 9-2-2 | B42: 7 | C42: =if(left(D42,1)="G","gallo","tross") -> gallo | D42: =left(E42,3) -> G85 | E42: G85-F | F42: foot | G42: =vlookup(D42,'mussel-ID_key'!A:B,2,false) -> gallo-control-3 | H42: =G42&"-"&F42 -> gallo-control-3-foot | I42: =vlookup(D42,'mussel-ID_key'!A:C,3,false) -> 0 | J42: 9-2-2
A43: 9-2-2 | B43: 7 | C43: =if(left(D43,1)="G","gallo","tross") -> gallo | D43: =left(E43,3) -> G86 | E43: G86-F | F43: foot | G43: =vlookup(D43,'mussel-ID_key'!A:B,2,false) -> gallo-control-3 | H43: =G43&"-"&F43 -> gallo-control-3-foot | I43: =vlookup(D43,'mussel-ID_key'!A:C,3,false) -> 0 | J43: 9-2-2
A44: 9-2-2 | B44: 7 | C44: =if(left(D44,1)="G","gallo","tross") -> gallo | D44: =left(E44,3) -> G87 | E44: G87-F | F44: foot | G44: =vlookup(D44,'mussel-ID_key'!A:B,2,false) -> gallo-control-3 | H44: =G44&"-"&F44 -> gallo-control-3-foot | I44: =vlookup(D44,'mussel-ID_key'!A:C,3,false) -> 0 | J44: 9-2-2
A45: 9-2-2 | B45: 7 | C45: =if(left(D45,1)="G","gallo","tross") -> gallo | D45: =left(E45,3) -> G88 | E45: G88-F | F45: foot | G45: =vlookup(D45,'mussel-ID_key'!A:B,2,false) -> gallo-control-3 | H45: =G45&"-"&F45 -> gallo-control-3-foot | I45: =vlookup(D45,'mussel-ID_key'!A:C,3,false) -> 0 | J45: 9-2-2
A46: 9-2-2 | B46: 7 | C46: =if(left(D46,1)="G","gallo","tross") -> gallo | D46: =left(E46,3) -> G89 | E46: G89-F | F46: foot | G46: =vlookup(D46,'mussel-ID_key'!A:B,2,false) -> gallo-control-3 | H46: =G46&"-"&F46 -> gallo-control-3-foot | I46: =vlookup(D46,'mussel-ID_key'!A:C,3,false) -> 0 | J46: 9-2-2
A47: 9-2-2 | B47: 7 | C47: =if(left(D47,1)="G","gallo","tross") -> gallo | D47: =left(E47,3) -> G90 | E47: G90-F | F47: foot | G47: =vlookup(D47,'mussel-ID_key'!A:B,2,false) -> gallo-control-3 | H47: =G47&"-"&F47 -> gallo-control-3-foot | I47: =vlookup(D47,'mussel-ID_key'!A:C,3,false) -> 0 | J47: 9-2-2
... A71: 9-2-1 | B71: 6 | C71: =if(left(D71,1)="G","gallo","tross") -> gallo | D71: =left(E71,3) -> G90 | E71: G90-M | F71: mantle | G71: =vlookup(D71,'mussel-ID_key'!A:B,2,false) -> gallo-control-3 | H71: =G71&"-"&F71 -> gallo-control-3-mantle | I71: =vlookup(D71,'mussel-ID_key'!A:C,3,false) -> 0 | J71: 9-2-1
A72: 9-1-2 | B72: 2 | C72: =if(left(D72,1)="G","gallo","tross") -> gallo | D72: G46 | E72: G46-F | F72: foot | G72: =vlookup(D72,'mussel-ID_key'!A:B,2,false) -> gallo-DO-1 | H72: =G72&"-"&F72 -> gallo-DO-1-foot | I72: =vlookup(D72,'mussel-ID_key'!A:C,3,false) -> 0 | J72: 9-1-2
A73: 9-1-2 | B73: 2 | C73: =if(left(D73,1)="G","gallo","tross") -> gallo | D73: G47 | E73: G47-F | F73: foot | G73: =vlookup(D73,'mussel-ID_key'!A:B,2,false) -> gallo-DO-1 | H73: =G73&"-"&F73 -> gallo-DO-1-foot | I73: =vlookup(D73,'mussel-ID_key'!A:C,3,false) -> 0 | J73: 9-1-2
A74: 9-1-2 | B74: 2 | C74: =if(left(D74,1)="G","gallo","tross") -> gallo | D74: G45 | E74: G45-F | F74: foot | G74: =vlookup(D74,'mussel-ID_key'!A:B,2,false) -> gallo-DO-1 | H74: =G74&"-"&F74 -> gallo-DO-1-foot | I74: =vlookup(D74,'mussel-ID_key'!A:C,3,false) -> 0 | J74: 9-1-2
A75: 9-1-2 | B75: 2 | C75: =if(left(D75,1)="G","gallo","tross") -> gallo | D75: G49 | E75: G49-F | F75: foot | G75: =vlookup(D75,'mussel-ID_key'!A:B,2,false) -> gallo-DO-1 | H75: =G75&"-"&F75 -> gallo-DO-1-foot | I75: =vlookup(D75,'mussel-ID_key'!A:C,3,false) -> 0 | J75: 9-1-2
A76: 9-1-2 | B76: 2 | C76: =if(left(D76,1)="G","gallo","tross") -> gallo | D76: G48 | E76: G48-F | F76: foot | G76: =vlookup(D76,'mussel-ID_key'!A:B,2,false) -> gallo-DO-1 | H76: =G76&"-"&F76 -> gallo-DO-1-foot | I76: =vlookup(D76,'mussel-ID_key'!A:C,3,false) -> 0 | J76: 9-1-2
A77: 9-1-2 | B77: 2 | C77: =if(left(D77,1)="G","gallo","tross") -> gallo | D77: G46 | E77: G46-G | F77: gill | G77: =vlookup(D77,'mussel-ID_key'!A:B,2,false) -> gallo-DO-1 | H77: =G77&"-"&F77 -> gallo-DO-1-gill | I77: =vlookup(D77,'mussel-ID_key'!A:C,3,false) -> 0 | J77: 9-1-2
A78: 9-1-2 | B78: 2 | C78: =if(left(D78,1)="G","gallo","tross") -> gallo | D78: G47 | E78: G47-G | F78: gill | G78: =vlookup(D78,'mussel-ID_key'!A:B,2,false) -> gallo-DO-1 | H78: =G78&"-"&F78 -> gallo-DO-1-gill | I78: =vlookup(D78,'mussel-ID_key'!A:C,3,false) -> 0 | J78: 9-1-2
A79: 9-1-2 | B79: 2 | C79: =if(left(D79,1)="G","gallo","tross") -> gallo | D79: G45 | E79: G45-G | F79: gill | G79: =vlookup(D79,'mussel-ID_key'!A:B,2,false) -> gallo-DO-1 | H79: =G79&"-"&F79 -> gallo-DO-1-gill | I79: =vlookup(D79,'mussel-ID_key'!A:C,3,false) -> 0 | J79: 9-1-2
A80: 9-1-2 | B80: 2 | C80: =if(left(D80,1)="G","gallo","tross") -> gallo | D80: G49 | E80: G49-G | F80: gill | G80: =vlookup(D80,'mussel-ID_key'!A:B,2,false) -> gallo-DO-1 | H80: =G80&"-"&F80 -> gallo-DO-1-gill | I80: =vlookup(D80,'mussel-ID_key'!A:C,3,false) -> 0 | J80: 9-1-2
A81: 9-1-2 | B81: 2 | C81: =if(left(D81,1)="G","gallo","tross") -> gallo | D81: G48 | E81: G48-G | F81: gill | G81: =vlookup(D81,'mussel-ID_key'!A:B,2,false) -> gallo-DO-1 | H81: =G81&"-"&F81 -> gallo-DO-1-gill | I81: =vlookup(D81,'mussel-ID_key'!A:C,3,false) -> 0 | J81: 9-1-2
A82: 9-1-2 | B82: 2 | C82: =if(left(D82,1)="G","gallo","tross") -> gallo | D82: G46 | E82: G46-M | F82: mantle | G82: =vlookup(D82,'mussel-ID_key'!A:B,2,false) -> gallo-DO-1 | H82: =G82&"-"&F82 -> gallo-DO-1-mantle | I82: =vlookup(D82,'mussel-ID_key'!A:C,3,false) -> 0 | J82: 9-1-2
A83: 9-1-2 | B83: 2 | C83: =if(left(D83,1)="G","gallo","tross") -> gallo | D83: G47 | E83: G47-M | F83: mantle | G83: =vlookup(D83,'mussel-ID_key'!A:B,2,false) -> gallo-DO-1 | H83: =G83&"-"&F83 -> gallo-DO-1-mantle | I83: =vlookup(D83,'mussel-ID_key'!A:C,3,false) -> 0 | J83: 9-1-2
... A86: 9-1-2 | B86: 2 | C86: =if(left(D86,1)="G","gallo","tross") -> gallo | D86: G48 | E86: G48-M | F86: mantle | G86: =vlookup(D86,'mussel-ID_key'!A:B,2,false) -> gallo-DO-1 | H86: =G86&"-"&F86 -> gallo-DO-1-mantle | I86: =vlookup(D86,'mussel-ID_key'!A:C,3,false) -> 0 | J86: 9-1-2
A87: 9-1-4 | B87: 4 | C87: =if(left(D87,1)="G","gallo","tross") -> gallo | D87: G29 | E87: G29-F | F87: foot | G87: gallo-DO-3 | H87: =G87&"-"&F87 -> gallo-DO-3-foot | I87: =vlookup(D87,'mussel-ID_key'!A:C,3,false) -> 0 | J87: 9-1-4
A88: 9-1-4 | B88: 4 | C88: =if(left(D88,1)="G","gallo","tross") -> gallo | D88: G30 | E88: G30-F | F88: foot | G88: gallo-DO-3 | H88: =G88&"-"&F88 -> gallo-DO-3-foot | I88: =vlookup(D88,'mussel-ID_key'!A:C,3,false) -> 0 | J88: 9-1-4
A89: 9-1-4 | B89: 4 | C89: =if(left(D89,1)="G","gallo","tross") -> gallo | D89: G28 | E89: G28-F | F89: foot | G89: =vlookup(D89,'mussel-ID_key'!A:B,2,false) -> gallo-DO-3 | H89: =G89&"-"&F89 -> gallo-DO-3-foot | I89: =vlookup(D89,'mussel-ID_key'!A:C,3,false) -> 0 | J89: 9-1-4
A90: 9-1-4 | B90: 4 | C90: =if(left(D90,1)="G","gallo","tross") -> gallo | D90: G31 | E90: G31-F | F90: foot | G90: =vlookup(D90,'mussel-ID_key'!A:B,2,false) -> gallo-DO-3 | H90: =G90&"-"&F90 -> gallo-DO-3-foot | I90: =vlookup(D90,'mussel-ID_key'!A:C,3,false) -> 0 | J90: 9-1-4
A91: 9-1-4 | B91: 4 | C91: =if(left(D91,1)="G","gallo","tross") -> gallo | D91: G32 | E91: G32-F | F91: foot | G91: =vlookup(D91,'mussel-ID_key'!A:B,2,false) -> gallo-DO-3 | H91: =G91&"-"&F91 -> gallo-DO-3-foot | I91: =vlookup(D91,'mussel-ID_key'!A:C,3,false) -> 0 | J91: 9-1-4
A92: 9-1-4 | B92: 4 | C92: =if(left(D92,1)="G","gallo","tross") -> gallo | D92: G33 | E92: G33-F | F92: foot | G92: =vlookup(D92,'mussel-ID_key'!A:B,2,false) -> gallo-DO-3 | H92: =G92&"-"&F92 -> gallo-DO-3-foot | I92: =vlookup(D92,'mussel-ID_key'!A:C,3,false) -> 0 | J92: 9-1-4
A93: 9-1-4 | B93: 4 | C93: =if(left(D93,1)="G","gallo","tross") -> gallo | D93: G34 | E93: G34-F | F93: foot | G93: =vlookup(D93,'mussel-ID_key'!A:B,2,false) -> gallo-DO-3 | H93: =G93&"-"&F93 -> gallo-DO-3-foot | I93: =vlookup(D93,'mussel-ID_key'!A:C,3,false) -> 0 | J93: 9-1-4
A94: 9-1-4 | B94: 4 | C94: =if(left(D94,1)="G","gallo","tross") -> gallo | D94: G66 | E94: G66-F | F94: foot | G94: =vlookup(D94,'mussel-ID_key'!A:B,2,false) -> gallo-DO-3 | H94: =G94&"-"&F94 -> gallo-DO-3-foot | I94: =vlookup(D94,'mussel-ID_key'!A:C,3,false) -> 0 | J94: 9-1-4
A95: 9-1-4 | B95: 4 | C95: =if(left(D95,1)="G","gallo","tross") -> gallo | D95: G67 | E95: G67-F | F95: foot | G95: =vlookup(D95,'mussel-ID_key'!A:B,2,false) -> gallo-DO-3 | H95: =G95&"-"&F95 -> gallo-DO-3-foot | I95: =vlookup(D95,'mussel-ID_key'!A:C,3,false) -> 0 | J95: 9-1-4
A96: 9-1-4 | B96: 4 | C96: =if(left(D96,1)="G","gallo","tross") -> gallo | D96: G67 | E96: G67-F | F96: foot | G96: =vlookup(D96,'mussel-ID_key'!A:B,2,false) -> gallo-DO-3 | H96: =G96&"-"&F96 -> gallo-DO-3-foot | I96: =vlookup(D96,'mussel-ID_key'!A:C,3,false) -> 0 | J96: 9-1-4
A97: 9-1-4 | B97: 4 | C97: =if(left(D97,1)="G","gallo","tross") -> gallo | D97: G68 | E97: G68-F | F97: foot | G97: =vlookup(D97,'mussel-ID_key'!A:B,2,false) -> gallo-DO-3 | H97: =G97&"-"&F97 -> gallo-DO-3-foot | I97: =vlookup(D97,'mussel-ID_key'!A:C,3,false) -> 0 | J97: 9-1-4
A98: 9-1-4 | B98: 4 | C98: =if(left(D98,1)="G","gallo","tross") -> gallo | D98: G69 | E98: G69-F | F98: foot | G98: =vlookup(D98,'mussel-ID_key'!A:B,2,false) -> gallo-DO-3 | H98: =G98&"-"&F98 -> gallo-DO-3-foot | I98: =vlookup(D98,'mussel-ID_key'!A:C,3,false) -> 0 | J98: 9-1-4
A99: 9-1-4 | B99: 4 | C99: =if(left(D99,1)="G","gallo","tross") -> gallo | D99: G70 | E99: G70-F | F99: foot | G99: =vlookup(D99,'mussel-ID_key'!A:B,2,false) -> gallo-DO-3 | H99: =G99&"-"&F99 -> gallo-DO-3-foot | I99: =vlookup(D99,'mussel-ID_key'!A:C,3,false) -> 0 | J99: 9-1-4
A100: 9-1-3 | B100: 3 | C100: =if(left(D100,1)="G","gallo","tross") -> gallo | D100: =left(E100,3) -> G29 | E100: G29-G | F100: gill | G100: gallo-DO-3 | H100: =G100&"-"&F100 -> gallo-DO-3-gill | I100: =vlookup(D100,'mussel-ID_key'!A:C,3,false) -> 0 | J100: 9-1-3
A101: 9-1-3 | B101: 3 | C101: =if(left(D101,1)="G","gallo","tross") -> gallo | D101: =left(E101,3) -> G30 | E101: G30-G | F101: gill | G101: gallo-DO-3 | H101: =G101&"-"&F101 -> gallo-DO-3-gill | I101: =vlookup(D101,'mussel-ID_key'!A:C,3,false) -> 0 | J101: 9-1-3
A102: 9-1-3 | B102: 3 | C102: =if(left(D102,1)="G","gallo","tross") -> gallo | D102: =left(E102,3) -> G28 | E102: G28-G | F102: gill | G102: =vlookup(D102,'mussel-ID_key'!A:B,2,false) -> gallo-DO-3 | H102: =G102&"-"&F102 -> gallo-DO-3-gill | I102: =vlookup(D102,'mussel-ID_key'!A:C,3,false) -> 0 | J102: 9-1-3
A103: 9-1-3 | B103: 3 | C103: =if(left(D103,1)="G","gallo","tross") -> gallo | D103: =left(E103,3) -> G31 | E103: G31-G | F103: gill | G103: =vlookup(D103,'mussel-ID_key'!A:B,2,false) -> gallo-DO-3 | H103: =G103&"-"&F103 -> gallo-DO-3-gill | I103: =vlookup(D103,'mussel-ID_key'!A:C,3,false) -> 0 | J103: 9-1-3
A104: 9-1-3 | B104: 3 | C104: =if(left(D104,1)="G","gallo","tross") -> gallo | D104: =left(E104,3) -> G32 | E104: G32-G | F104: gill | G104: =vlookup(D104,'mussel-ID_key'!A:B,2,false) -> gallo-DO-3 | H104: =G104&"-"&F104 -> gallo-DO-3-gill | I104: =vlookup(D104,'mussel-ID_key'!A:C,3,false) -> 0 | J104: 9-1-3
A105: 9-1-3 | B105: 3 | C105: =if(left(D105,1)="G","gallo","tross") -> gallo | D105: =left(E105,3) -> G33 | E105: G33-G | F105: gill | G105: =vlookup(D105,'mussel-ID_key'!A:B,2,false) -> gallo-DO-3 | H105: =G105&"-"&F105 -> gallo-DO-3-gill | I105: =vlookup(D105,'mussel-ID_key'!A:C,3,false) -> 0 | J105: 9-1-3
A106: 9-1-3 | B106: 3 | C106: =if(left(D106,1)="G","gallo","tross") -> gallo | D106: =left(E106,3) -> G34 | E106: G34-G | F106: gill | G106: =vlookup(D106,'mussel-ID_key'!A:B,2,false) -> gallo-DO-3 | H106: =G106&"-"&F106 -> gallo-DO-3-gill | I106: =vlookup(D106,'mussel-ID_key'!A:C,3,false) -> 0 | J106: 9-1-3
A107: 9-1-3 | B107: 3 | C107: =if(left(D107,1)="G","gallo","tross") -> gallo | D107: =left(E107,3) -> G66 | E107: G66-G | F107: gill | G107: =vlookup(D107,'mussel-ID_key'!A:B,2,false) -> gallo-DO-3 | H107: =G107&"-"&F107 -> gallo-DO-3-gill | I107: =vlookup(D107,'mussel-ID_key'!A:C,3,false) -> 0 | J107: 9-1-3
A108: 9-1-3 | B108: 3 | C108: =if(left(D108,1)="G","gallo","tross") -> gallo | D108: =left(E108,3) -> G67 | E108: G67-G | F108: gill | G108: =vlookup(D108,'mussel-ID_key'!A:B,2,false) -> gallo-DO-3 | H108: =G108&"-"&F108 -> gallo-DO-3-gill | I108: =vlookup(D108,'mussel-ID_key'!A:C,3,false) -> 0 | J108: 9-1-3
A109: 9-1-3 | B109: 3 | C109: =if(left(D109,1)="G","gallo","tross") -> gallo | D109: =left(E109,3) -> G68 | E109: G68-G | F109: gill | G109: =vlookup(D109,'mussel-ID_key'!A:B,2,false) -> gallo-DO-3 | H109: =G109&"-"&F109 -> gallo-DO-3-gill | I109: =vlookup(D109,'mussel-ID_key'!A:C,3,false) -> 0 | J109: 9-1-3
A110: 9-1-3 | B110: 3 | C110: =if(left(D110,1)="G","gallo","tross") -> gallo | D110: =left(E110,3) -> G69 | E110: G69-G | F110: gill | G110: =vlookup(D110,'mussel-ID_key'!A:B,2,false) -> gallo-DO-3 | H110: =G110&"-"&F110 -> gallo-DO-3-gill | I110: =vlookup(D110,'mussel-ID_key'!A:C,3,false) -> 0 | J110: 9-1-3
A111: 9-1-3 | B111: 3 | C111: =if(left(D111,1)="G","gallo","tross") -> gallo | D111: =left(E111,3) -> G70 | E111: G70-G | F111: gill | G111: =vlookup(D111,'mussel-ID_key'!A:B,2,false) -> gallo-DO-3 | H111: =G111&"-"&F111 -> gallo-DO-3-gill | I111: =vlookup(D111,'mussel-ID_key'!A:C,3,false) -> 0 | J111: 9-1-3
A112: 9-1-3 | B112: 3 | C112: =if(left(D112,1)="G","gallo","tross") -> gallo | D112: =left(E112,3) -> G30 | E112: G30-M | F112: mantle | G112: gallo-DO-3 | H112: =G112&"-"&F112 -> gallo-DO-3-mantle | I112: =vlookup(D112,'mussel-ID_key'!A:C,3,false) -> 0 | J112: 9-1-3
A113: 9-1-4 | B113: 4 | C113: =if(left(D113,1)="G","gallo","tross") -> gallo | D113: G29 | E113: G29-M | F113: mantle | G113: gallo-DO-3 | H113: =G113&"-"&F113 -> gallo-DO-3-mantle | I113: =vlookup(D113,'mussel-ID_key'!A:C,3,false) -> 0 | J113: 9-1-4
A114: 9-1-3 | B114: 3 | C114: =if(left(D114,1)="G","gallo","tross") -> gallo | D114: =left(E114,3) -> G33 | E114: G33-M | F114: mantle | G114: =vlookup(D114,'mussel-ID_key'!A:B,2,false) -> gallo-DO-3 | H114: =G114&"-"&F114 -> gallo-DO-3-mantle | I114: =vlookup(D114,'mussel-ID_key'!A:C,3,false) -> 0 | J114: 9-1-3
A115: 9-1-3 | B115: 3 | C115: =if(left(D115,1)="G","gallo","tross") -> gallo | D115: =left(E115,3) -> G34 | E115: G34-M | F115: mantle | G115: =vlookup(D115,'mussel-ID_key'!A:B,2,false) -> gallo-DO-3 | H115: =G115&"-"&F115 -> gallo-DO-3-mantle | I115: =vlookup(D115,'mussel-ID_key'!A:C,3,false) -> 0 | J115: 9-1-3
A116: 9-1-3 | B116: 3 | C116: =if(left(D116,1)="G","gallo","tross") -> gallo | D116: =left(E116,3) -> G66 | E116: G66-M | F116: mantle | G116: =vlookup(D116,'mussel-ID_key'!A:B,2,false) -> gallo-DO-3 | H116: =G116&"-"&F116 -> gallo-DO-3-mantle | I116: =vlookup(D116,'mussel-ID_key'!A:C,3,false) -> 0 | J116: 9-1-3
A117: 9-1-3 | B117: 3 | C117: =if(left(D117,1)="G","gallo","tross") -> gallo | D117: =left(E117,3) -> G69 | E117: G69-M | F117: mantle | G117: =vlookup(D117,'mussel-ID_key'!A:B,2,false) -> gallo-DO-3 | H117: =G117&"-"&F117 -> gallo-DO-3-mantle | I117: =vlookup(D117,'mussel-ID_key'!A:C,3,false) -> 0 | J117: 9-1-3
A118: 9-1-3 | B118: 3 | C118: =if(left(D118,1)="G","gallo","tross") -> gallo | D118: =left(E118,3) -> G70 | E118: G70-M | F118: mantle | G118: =vlookup(D118,'mussel-ID_key'!A:B,2,false) -> gallo-DO-3 | H118: =G118&"-"&F118 -> gallo-DO-3-mantle | I118: =vlookup(D118,'mussel-ID_key'!A:C,3,false) -> 0 | J118: 9-1-3
A119: 9-1-4 | B119: 4 | C119: =if(left(D119,1)="G","gallo","tross") -> gallo | D119: G28 | E119: G28-M | F119: mantle | G119: =vlookup(D119,'mussel-ID_key'!A:B,2,false) -> gallo-DO-3 | H119: =G119&"-"&F119 -> gallo-DO-3-mantle | I119: =vlookup(D119,'mussel-ID_key'!A:C,3,false) -> 0 | J119: 9-1-4
A120: 9-1-4 | B120: 4 | C120: =if(left(D120,1)="G","gallo","tross") -> gallo | D120: G31 | E120: G31-M | F120: mantle | G120: =vlookup(D120,'mussel-ID_key'!A:B,2,false) -> gallo-DO-3 | H120: =G120&"-"&F120 -> gallo-DO-3-mantle | I120: =vlookup(D120,'mussel-ID_key'!A:C,3,false) -> 0 | J120: 9-1-4
A121: 9-1-4 | B121: 4 | C121: =if(left(D121,1)="G","gallo","tross") -> gallo | D121: G32 | E121: G32-M | F121: mantle | G121: =vlookup(D121,'mussel-ID_key'!A:B,2,false) -> gallo-DO-3 | H121: =G121&"-"&F121 -> gallo-DO-3-mantle | I121: =vlookup(D121,'mussel-ID_key'!A:C,3,false) -> 0 | J121: 9-1-4
A122: 9-1-4 | B122: 4 | C122: =if(left(D122,1)="G","gallo","tross") -> gallo | D122: G68 | E122: G68-M | F122: mantle | G122: =vlookup(D122,'mussel-ID_key'!A:B,2,false) -> gallo-DO-3 | H122: =G122&"-"&F122 -> gallo-DO-3-mantle | I122: =vlookup(D122,'mussel-ID_key'!A:C,3,false) -> 0 | J122: 9-1-4
A123: 9-1-2 | B123: 2 | C123: =if(left(D123,1)="G","gallo","tross") -> gallo | D123: G35 | E123: G35-F | F123: foot | G123: =vlookup(D123,'mussel-ID_key'!A:B,2,false) -> gallo-OA-1 | H123: =G123&"-"&F123 -> gallo-OA-1-foot | I123: =vlookup(D123,'mussel-ID_key'!A:C,3,false) -> 0 | J123: 9-1-2
A124: 9-1-2 | B124: 2 | C124: =if(left(D124,1)="G","gallo","tross") -> gallo | D124: G38 | E124: G38-F | F124: foot | G124: =vlookup(D124,'mussel-ID_key'!A:B,2,false) -> gallo-OA-1 | H124: =G124&"-"&F124 -> gallo-OA-1-foot | I124: =vlookup(D124,'mussel-ID_key'!A:C,3,false) -> 0 | J124: 9-1-2
A125: 9-1-2 | B125: 2 | C125: =if(left(D125,1)="G","gallo","tross") -> gallo | D125: G39 | E125: G39-F | F125: foot | G125: =vlookup(D125,'mussel-ID_key'!A:B,2,false) -> gallo-OA-1 | H125: =G125&"-"&F125 -> gallo-OA-1-foot | I125: =vlookup(D125,'mussel-ID_key'!A:C,3,false) -> 0 | J125: 9-1-2
A126: 9-1-2 | B126: 2 | C126: =if(left(D126,1)="G","gallo","tross") -> gallo | D126: G36 | E126: G36-F | F126: foot | G126: =vlookup(D126,'mussel-ID_key'!A:B,2,false) -> gallo-OA-1 | H126: =G126&"-"&F126 -> gallo-OA-1-foot | I126: =vlookup(D126,'mussel-ID_key'!A:C,3,false) -> 0 | J126: 9-1-2
A127: 9-1-2 | B127: 2 | C127: =if(left(D127,1)="G","gallo","tross") -> gallo | D127: G37 | E127: G37-F | F127: foot | G127: =vlookup(D127,'mussel-ID_key'!A:B,2,false) -> gallo-OA-1 | H127: =G127&"-"&F127 -> gallo-OA-1-foot | I127: =vlookup(D127,'mussel-ID_key'!A:C,3,false) -> 0 | J127: 9-1-2
A128: 9-1-2 | B128: 2 | C128: =if(left(D128,1)="G","gallo","tross") -> gallo | D128: G35 | E128: G35-G | F128: gill | G128: =vlookup(D128,'mussel-ID_key'!A:B,2,false) -> gallo-OA-1 | H128: =G128&"-"&F128 -> gallo-OA-1-gill | I128: =vlookup(D128,'mussel-ID_key'!A:C,3,false) -> 0 | J128: 9-1-2
A129: 9-1-2 | B129: 2 | C129: =if(left(D129,1)="G","gallo","tross") -> gallo | D129: G38 | E129: G38-G | F129: gill | G129: =vlookup(D129,'mussel-ID_key'!A:B,2,false) -> gallo-OA-1 | H129: =G129&"-"&F129 -> gallo-OA-1-gill | I129: =vlookup(D129,'mussel-ID_key'!A:C,3,false) -> 0 | J129: 9-1-2
A130: 9-1-2 | B130: 2 | C130: =if(left(D130,1)="G","gallo","tross") -> gallo | D130: G39 | E130: G39-G | F130: gill | G130: =vlookup(D130,'mussel-ID_key'!A:B,2,false) -> gallo-OA-1 | H130: =G130&"-"&F130 -> gallo-OA-1-gill | I130: =vlookup(D130,'mussel-ID_key'!A:C,3,false) -> 0 | J130: 9-1-2
... A146: 9-1-4 | B146: 4 | C146: =if(left(D146,1)="G","gallo","tross") -> gallo | D146: G73 | E146: G73-F | F146: foot | G146: =vlookup(D146,'mussel-ID_key'!A:B,2,false) -> gallo-OA-3 | H146: =G146&"-"&F146 -> gallo-OA-3-foot | I146: =vlookup(D146,'mussel-ID_key'!A:C,3,false) -> 0 | J146: 9-1-4
A147: 9-1-3 | B147: 3 | C147: =if(left(D147,1)="G","gallo","tross") -> gallo | D147: =left(E147,3) -> G13 | E147: G13-G | F147: gill | G147: =vlookup(D147,'mussel-ID_key'!A:B,2,false) -> gallo-OA-3 | H147: =G147&"-"&F147 -> gallo-OA-3-gill | I147: =vlookup(D147,'mussel-ID_key'!A:C,3,false) -> 1 | J147: 9-1-3
A148: 9-1-3 | B148: 3 | C148: =if(left(D148,1)="G","gallo","tross") -> gallo | D148: =left(E148,3) -> G14 | E148: G14-G | F148: gill | G148: =vlookup(D148,'mussel-ID_key'!A:B,2,false) -> gallo-OA-3 | H148: =G148&"-"&F148 -> gallo-OA-3-gill | I148: =vlookup(D148,'mussel-ID_key'!A:C,3,false) -> 1 | J148: 9-1-3
...

Sheet mussel-ID_key
A1: ID | B1: TRT | C1: both_thread
A2: G01 | B2: gallo-control-0 | C2: 0 | E2: gallo-control-0 | F2: =countif(#REF!,E2) -> 0
A3: G02 | B3: gallo-control-0 | C3: 0 | E3: gallo-control-3 | F3: =countif(#REF!,E3) -> 0
A4: G03 | B4: gallo-control-0 | C4: 0 | E4: gallo-DO-1 | F4: =countif(#REF!,E4) -> 0
A5: G04 | B5: gallo-control-0 | C5: 0 | E5: gallo-DO-3 | F5: =countif(#REF!,E5) -> 0
A6: G05 | B6: gallo-control-0 | C6: 0 | E6: gallo-OA-1 | F6: =countif(#REF!,E6) -> 0
A7: G06 | B7: gallo-control-0 | C7: 0 | E7: gallo-OA-3 | F7: =countif(#REF!,E7) -> 0
A8: G07 | B8: gallo-control-0 | C8: 0 | E8: gallo-OW-1 | F8: =countif(#REF!,E8) -> 0
A9: G08 | B9: gallo-control-0 | C9: 0 | E9: gallo-OW-3 | F9: =countif(#REF!,E9) -> 0
A10: G09 | B10: gallo-control-0 | C10: 0 | E10: tross-control-0 | F10: =countif(#REF!,E10) -> 0
A11: G10 | B11: gallo-control-0 | C11: 0 | E11: tross-control-3 | F11: =countif(#REF!,E11) -> 0
A12: G11 | B12: gallo-control-0 | C12: 0 | E12: tross-desiccation-24h | F12: =countif(#REF!,E12) -> 0
A13: G12 | B13: gallo-control-0 | C13: 0 | E13: tross-DO-1 | F13: =countif(#REF!,E13) -> 0
... A18: T05 | B18: tross-control-0 | C18: 0 | E18: tross-OW-3 | F18: =countif(#REF!,E18) -> 0
A19: T06 | B19: tross-control-0 | C19: 0
A20: T07 | B20: tross-control-0 | C20: 0
A21: T08 | B21: tross-control-0 | C21: 0
A22: T09 | B22: tross-control-0 | C22: 0
A23: T10 | B23: tross-control-0 | C23: 0
A24: T11 | B24: tross-control-0 | C24: 0
A25: T12 | B25: tross-control-0 | C25: 0
A26: G79 | B26: gallo-control-3 | C26: 0
A27: G80 | B27: gallo-control-3 | C27: 0
A28: G81 | B28: gallo-control-3 | C28: 0
A29: G82 | B29: gallo-control-3 | C29: 0
A30: G83 | B30: gallo-control-3 | C30: 0
... A195: T42 | B195: tross-OW-3 | C195: 1
